i_see_youlol,75040005-a29f-351c-8887-66f611cd8b22
leshaundinglenut,991dc81d-0602-3fac-a414-44dc7aabaa58
maryamm,d1ca9a17-e1d1-3de3-bfe6-ed68e3b0b258
nathan_,2cdde928-6b71-388e-9eb7-251dc1727274
deon,0a942826-c1b7-3a29-aa29-78c829025343
haha1243,d0a47a7b-a7d5-3748-819f-ea87e6e3bd5e
taeshaun,4beef58f-2a24-3149-ba3d-e1132c16ef39
doom_slayer,10a0c0e2-54e3-344b-9391-85712cdb71f5
adam8989333,8bf820a9-c6bc-3538-ab75-1d5e41de239b
grawhi,953c844b-3c08-35c3-950c-ffa1b493b6ad
nathan,f901a319-bc80-37bc-a06d-a93efa505645
nari,b716ba34-656a-3370-99c6-f2522d6b2779
heaven25,863cb736-2f91-3735-93b8-4957ec18c8a8
jellybean21,8b45f39c-cb14-3b9b-9c53-f36423fea3b1
grave_keeper,4850d477-c42f-305c-af20-59cc8a14f15a
todorokiswife,1e56af27-c024-3a02-bf6a-5f0d1e9caf10
yeeryigg6624,ee731f41-674c-3e26-8d57-cbb12cf70431
jay,cc718aa1-908b-3956-905f-59993300b324
abdullah,7dc190a7-211d-3c2e-a04d-b92de0d2fd31
kingrobb101,85613da2-e104-33be-8a22-591655b0ffac
dabi,6b82cbb9-e9d1-3445-a5f0-3e8a9872552e
offical_dream,f120e45a-eb13-3e72-ada9-c45d4ab4f99c
the_milk_man,7e4428a8-63f4-377f-8710-bc9faa02dd2a
naithan_,8c940b17-4b21-3b72-9f21-40882da470f3
ninja,592d4b49-aa65-37fe-bebf-09bf5a3f63e2
leshaundingelnut,dfda7f97-4ed3-349c-9b3e-22097fcb731a
hello,11c85069-67a0-3659-bc67-bf50ed2f8ddb
kingrobby101,90fe57db-9ef5-33ca-a308-6f0e48dbd918
sasuke,92361680-75fc-3b55-8ac4-ff0c311c4cfd
i_seeyoulol,611e1524-48dc-3118-ac8a-b6724303ca89
naithan,597ebed2-4979-3e67-832c-9db74d5c342c
babytoucher,55568be1-64f6-34c0-85c9-f1c11f152cec
maryam,a77572d4-7331-3c05-8c2b-e31a30d12f2a
naithan__,b1b19194-0245-37f3-a370-6a33d1750522
kev,9bb4197b-9d0b-3c42-a5a8-ef6f67bfe58e
sixtailsasuke27,7ed1feb3-aac3-381f-b682-9be33533bc53
rafael,6f2d68b6-54a4-3e98-bf6a-c5dbd9e4191e
sir_diddy,14860415-6159-3354-8bb5-d193b9e670b4
grim_reaper,606d5c3f-d9cb-397a-9e11-29faae45b53a
isiss,d86678db-a54b-3284-9ce7-5bba6bf45426
maryamm_,689e1734-4c0c-3dac-b900-4d268a7eda65
jasonvoorreal,b456587b-2756-3191-82cb-be7c9be42879
jose,cf082672-3126-352f-bb39-02a47a4b8e5e
reggie,b35e4648-3bf4-3ee5-a1df-a82db4f06500
megaminionjerry,d2cf3cd9-e435-3c41-a15f-f0c9eb139223
dadi_,d1ea29fd-abaf-3e03-a9d9-21af7242e2d0
hamzah898933_,a09d9599-c777-3d52-b647-797cdc1dc256
maryam_,ee860503-9457-38c0-979b-8e780749fde4
dabi_,d31cc7ce-e9f2-311a-9c90-7728ba6596e4
adam89893333,522b1a65-cdd5-348f-bfe3-1448aaffcf22
cris00,4136aea5-ee37-34c9-934d-698807690984
